# Sample1	Sample2	Sample3	Sample4	Sample5	Sample6	Sample7	Sample8	Sample9	Sample10	Sample11	Sample12	Sample13	Sample14	Row max	Row sum	Sim%	Fav%	Mark	Taxonomic lineages (280 rows)
# 0	2	0	6	0	2	0	6	9	5	6	14	0	0	14	50				Total reads with no similarities
# 7082	9365	2164	8629	6369	8474	1976	7863	20561	17730	22466	21965	52899	55493	55493	243036				Total original input reads
# 5411	7075	1652	6827	4912	6435	1532	6245	12573	10741	12938	13418	40978	43719	43719	174456				Total reads mapped to a unique species
0	0	0	0	0	0	0	0	0	0	0	1	0	0	1	1	96	100		"d__Bacteria; p__Actinobacteria; c__Actinobacteria; o__Actinomycetales; f__Actinomycetaceae; g__unclassified"
0	0	0	0	0	0	0	0	0	0	1	0	0	0	1	1	97	100		"d__Bacteria; p__Actinobacteria; c__Actinobacteria; o__Actinomycetales; f__Actinomycetaceae; g__Actinomyces; s__naeslundii_60% / oris_39%"
0	0	0	0	0	0	0	0	1	0	0	0	0	0	1	1	96	100	*	"d__Bacteria; p__Actinobacteria; c__Actinobacteria; o__Actinomycetales; f__Actinomycetaceae; g__Actinomyces; s__lingnae"
0	0	0	0	0	0	0	0	5	5	4	4	3	10	10	33	96.8	74.6	*	"d__Bacteria; p__Actinobacteria; c__Actinobacteria; o__Actinomycetales; f__Actinomycetaceae; g__Actinomyces; s__odontolyticus"
0	0	0	0	0	0	0	0	68	191	117	41	1	120	191	540	95.9	100		"d__Bacteria; p__Actinobacteria; c__Actinobacteria; o__Bifidobacteriales; f__Bifidobacteriaceae; g__Bifidobacterium; s__breve_38% / longum_25% / pseudocatenulatum_14% / adolescentis_10% / gallicum_6% / kashiwanohense_4%"
0	0	0	0	0	0	0	0	0	0	0	0	0	7	7	7	98.9	79	*	"d__Bacteria; p__Actinobacteria; c__Actinobacteria; o__Bifidobacteriales; f__Bifidobacteriaceae; g__Bifidobacterium; s__animalis"
0	1	0	2	0	1	0	2	0	0	0	0	249	0	249	257	95.7	85.7	*	"d__Bacteria; p__Actinobacteria; c__Actinobacteria; o__Bifidobacteriales; f__Bifidobacteriaceae; g__Bifidobacterium; s__longum"
0	0	0	0	0	0	0	0	102	0	149	45	0	0	149	297	94.9	33.3	*	"d__Bacteria; p__Actinobacteria; c__Actinobacteria; o__Bifidobacteriales; f__Bifidobacteriaceae; g__Bifidobacterium; s__pseudocatenulatum"
0	0	0	0	0	0	0	0	0	0	0	10	0	0	10	10	98	90.9	*	"d__Bacteria; p__Actinobacteria; c__Actinobacteria; o__Bifidobacteriales; f__Bifidobacteriaceae; g__Bifidobacterium; s__tsurumiense"
0	0	0	0	0	0	0	0	0	0	1	0	0	1	1	2	98.5	100		"d__Bacteria; p__Actinobacteria; c__Actinobacteria; o__Micrococcales; f__Micrococcaceae; g__Rothia; s__unclassified"
0	0	0	0	0	0	0	0	0	0	1	0	0	1	1	2	96	100	*	"d__Bacteria; p__Actinobacteria; c__Actinobacteria; o__Micrococcales; f__Micrococcaceae; g__Rothia; s__mucilaginosa"
0	1	0	0	0	1	0	0	8	1	8	2	9	11	11	41	95.4	100		"d__Bacteria; p__Actinobacteria; c__Coriobacteriia; o__Coriobacteriales; f__Coriobacteriaceae; g__unclassified"
0	0	0	0	0	0	0	0	6	4	6	3	5	6	6	31	96.1	100	*	"d__Bacteria; p__Actinobacteria; c__Coriobacteriia; o__Coriobacteriales; f__Coriobacteriaceae; g__Adlercreutzia; s__equolifaciens"
0	0	0	0	0	0	0	0	0	1	0	0	0	0	1	1	93	100	*	"d__Bacteria; p__Actinobacteria; c__Coriobacteriia; o__Coriobacteriales; f__Coriobacteriaceae; g__Atopobium; s__parvulum"
0	1	0	0	0	1	0	0	169	152	237	198	603	267	603	1631	95	99.9		"d__Bacteria; p__Actinobacteria; c__Coriobacteriia; o__Coriobacteriales; f__Coriobacteriaceae; g__Collinsella; s__unclassified"
0	0	0	0	0	0	0	0	120	193	165	45	52	371	371	950	96.1	99.9	*	"d__Bacteria; p__Actinobacteria; c__Coriobacteriia; o__Coriobacteriales; f__Coriobacteriaceae; g__Collinsella; s__aerofaciens"
0	0	0	0	0	0	0	0	0	0	0	1	0	0	1	1	91	100		"d__Bacteria; p__Actinobacteria; c__Coriobacteriia; o__Coriobacteriales; f__Coriobacteriaceae; g__Coriobacteriaceae_UCG-002; s__unclassified"
0	0	0	0	0	0	0	0	0	0	0	0	1	0	1	1	97	100	*	"d__Bacteria; p__Actinobacteria; c__Coriobacteriia; o__Coriobacteriales; f__Coriobacteriaceae; g__Eggerthella; s__lenta"
0	0	0	0	0	0	0	0	4	4	2	1	0	1	4	12	97	100		"d__Bacteria; p__Actinobacteria; c__Coriobacteriia; o__Coriobacteriales; f__Coriobacteriaceae; g__Gordonibacter; s__faecihominis_50% / pamelaeae_50%"
0	0	0	0	0	0	0	0	33	23	42	16	16	25	42	155	95.7	100	*	"d__Bacteria; p__Actinobacteria; c__Coriobacteriia; o__Coriobacteriales; f__Coriobacteriaceae; g__Senegalimassilia; s__anaerobia"
0	0	0	0	0	0	0	0	3	6	8	14	3	3	14	37	96.1	100	*	"d__Bacteria; p__Actinobacteria; c__Coriobacteriia; o__Coriobacteriales; f__Coriobacteriaceae; g__Slackia; s__isoflavoniconvertens"
12	25	8	13	11	22	5	13	5	1	4	3	16	21	25	159	93.5	100		"d__Bacteria; p__Bacteroidetes; c__Bacteroidia; o__Bacteroidales; f__Bacteroidales_S24-7_group"
290	374	96	303	255	332	90	271	82	82	103	88	878	726	878	3974	94.7	100		"d__Bacteria; p__Bacteroidetes; c__Bacteroidia; o__Bacteroidales; f__Bacteroidaceae; g__Bacteroides; s__unclassified_96% / xylanisolvens_1% / ovatus_1%"
0	0	0	0	0	0	0	0	7	13	13	6	124	72	124	235	94.9	99.2	*	"d__Bacteria; p__Bacteroidetes; c__Bacteroidia; o__Bacteroidales; f__Bacteroidaceae; g__Bacteroides; s__caccae"
0	0	0	0	0	0	0	0	1	0	0	0	11	13	13	25	96.6	98	*	"d__Bacteria; p__Bacteroidetes; c__Bacteroidia; o__Bacteroidales; f__Bacteroidaceae; g__Bacteroides; s__cellulosilyticus"
4	10	2	2	4	10	2	2	3	0	3	3	24	15	24	84	96.7	86.8	*	"d__Bacteria; p__Bacteroidetes; c__Bacteroidia; o__Bacteroidales; f__Bacteroidaceae; g__Bacteroides; s__clarus"
0	0	0	0	0	0	0	0	0	0	0	0	1	0	1	1	100	100	*	"d__Bacteria; p__Bacteroidetes; c__Bacteroidia; o__Bacteroidales; f__Bacteroidaceae; g__Bacteroides; s__coprophilus"
0	0	0	0	0	0	0	0	0	0	0	0	0	1	1	1	100	100	*	"d__Bacteria; p__Bacteroidetes; c__Bacteroidia; o__Bacteroidales; f__Bacteroidaceae; g__Bacteroides; s__eggerthii"
0	2	0	0	0	2	0	0	0	0	0	0	0	0	2	4	94	100	*	"d__Bacteria; p__Bacteroidetes; c__Bacteroidia; o__Bacteroidales; f__Bacteroidaceae; g__Bacteroides; s__faecichinchillae"
0	0	0	0	0	0	0	0	0	0	0	0	0	1	1	1	100	100	*	"d__Bacteria; p__Bacteroidetes; c__Bacteroidia; o__Bacteroidales; f__Bacteroidaceae; g__Bacteroides; s__fragilis"
91	116	29	59	87	104	26	51	47	71	75	48	520	296	520	1621	95.1	99.4	*	"d__Bacteria; p__Bacteroidetes; c__Bacteroidia; o__Bacteroidales; f__Bacteroidaceae; g__Bacteroides; s__massiliensis"
0	0	0	0	0	0	0	0	0	0	0	0	2	1	2	3	98	100	*	"d__Bacteria; p__Bacteroidetes; c__Bacteroidia; o__Bacteroidales; f__Bacteroidaceae; g__Bacteroides; s__nordii"
0	1	0	0	0	0	0	0	0	0	0	0	0	0	1	1	90	100	*	"d__Bacteria; p__Bacteroidetes; c__Bacteroidia; o__Bacteroidales; f__Bacteroidaceae; g__Bacteroides; s__oleiciplenus"
3	0	0	0	3	0	0	0	5	0	0	0	0	154	154	166	96.5	82.5	*	"d__Bacteria; p__Bacteroidetes; c__Bacteroidia; o__Bacteroidales; f__Bacteroidaceae; g__Bacteroides; s__ovatus"
576	664	199	798	524	601	187	718	331	405	372	419	2433	2095	2433	10322	95.5	99.8	*	"d__Bacteria; p__Bacteroidetes; c__Bacteroidia; o__Bacteroidales; f__Bacteroidaceae; g__Bacteroides; s__plebeius"
26	46	14	35	24	41	14	30	29	36	33	25	174	91	174	623	95.4	99.3	*	"d__Bacteria; p__Bacteroidetes; c__Bacteroidia; o__Bacteroidales; f__Bacteroidaceae; g__Bacteroides; s__stercoris"
3	5	0	0	3	5	0	0	2	4	0	7	52	36	52	119	96.8	56.9	*	"d__Bacteria; p__Bacteroidetes; c__Bacteroidia; o__Bacteroidales; f__Bacteroidaceae; g__Bacteroides; s__thetaiotaomicron"
8	10	3	5	8	7	0	4	7	14	3	5	85	71	85	230	95.9	98.6	*	"d__Bacteria; p__Bacteroidetes; c__Bacteroidia; o__Bacteroidales; f__Bacteroidaceae; g__Bacteroides; s__uniformis"
45	56	14	63	40	48	13	56	42	57	43	47	428	209	428	1170	95.6	99.4	*	"d__Bacteria; p__Bacteroidetes; c__Bacteroidia; o__Bacteroidales; f__Bacteroidaceae; g__Bacteroides; s__vulgatus"
4	4	3	7	4	3	2	6	0	0	0	10	0	0	10	43	95.5	89.2	*	"d__Bacteria; p__Bacteroidetes; c__Bacteroidia; o__Bacteroidales; f__Bacteroidaceae; g__Bacteroides; s__xylanisolvens"
23	35	7	22	21	33	7	22	3	1	4	2	53	39	53	272	95.7	100		"d__Bacteria; p__Bacteroidetes; c__Bacteroidia; o__Bacteroidales; f__Porphyromonadaceae; g__Barnesiella_58% / unclassified_32% / Microbacter_8%"
0	0	0	0	0	0	0	0	10	18	8	12	215	38	215	301	95.6	98.9		"d__Bacteria; p__Bacteroidetes; c__Bacteroidia; o__Bacteroidales; f__Porphyromonadaceae; g__Barnesiella; s__unclassified"
0	0	0	0	0	0	0	0	0	0	0	0	4	75	75	79	92	100	*	"d__Bacteria; p__Bacteroidetes; c__Bacteroidia; o__Bacteroidales; f__Porphyromonadaceae; g__Barnesiella; s__intestinihominis"
4	7	2	2	4	7	2	2	0	2	2	1	26	8	26	69	97.5	100		"d__Bacteria; p__Bacteroidetes; c__Bacteroidia; o__Bacteroidales; f__Porphyromonadaceae; g__Butyricimonas; s__unclassified_98% / paravirosa_1%"
4	7	0	4	4	7	0	4	0	3	0	3	26	14	26	76	97.2	99.7	*	"d__Bacteria; p__Bacteroidetes; c__Bacteroidia; o__Bacteroidales; f__Porphyromonadaceae; g__Butyricimonas; s__virosa"
0	1	1	0	0	1	1	0	0	0	0	0	0	0	1	4	91.5	100		"d__Bacteria; p__Bacteroidetes; c__Bacteroidia; o__Bacteroidales; f__Porphyromonadaceae; g__Coprobacter; s__unclassified"
1	0	0	0	1	0	0	0	0	1	0	0	5	0	5	8	94.1	100	*	"d__Bacteria; p__Bacteroidetes; c__Bacteroidia; o__Bacteroidales; f__Porphyromonadaceae; g__Coprobacter; s__fastidiosus"
1	2	0	0	1	2	0	0	0	0	0	0	0	0	2	6	92.3	100		"d__Bacteria; p__Bacteroidetes; c__Bacteroidia; o__Bacteroidales; f__Porphyromonadaceae; g__Odoribacter; s__unclassified"
14	14	7	10	12	13	7	10	9	5	6	8	60	53	60	228	95.3	100	*	"d__Bacteria; p__Bacteroidetes; c__Bacteroidia; o__Bacteroidales; f__Porphyromonadaceae; g__Odoribacter; s__splanchnicus"
15	16	8	17	15	13	8	17	10	15	8	8	62	43	62	260	96.8	100	*	"d__Bacteria; p__Bacteroidetes; c__Bacteroidia; o__Bacteroidales; f__Porphyromonadaceae; g__Parabacteroides; s__distasonis"
11	11	2	4	11	10	2	4	8	11	14	7	91	100	100	286	96.2	100	*	"d__Bacteria; p__Bacteroidetes; c__Bacteroidia; o__Bacteroidales; f__Porphyromonadaceae; g__Parabacteroides; s__merdae"
4	7	2	20	4	6	1	19	8	4	6	17	209	97	209	404	96.2	100		"d__Bacteria; p__Bacteroidetes; c__Bacteroidia; o__Bacteroidales; f__Prevotellaceae; g__Paraprevotella; s__unclassified"
4	5	1	0	4	5	1	0	0	0	0	0	7	0	7	27	91.4	100	*	"d__Bacteria; p__Bacteroidetes; c__Bacteroidia; o__Bacteroidales; f__Prevotellaceae; g__Paraprevotella; s__clara"
0	0	0	0	0	0	0	0	0	0	1	0	1	0	1	2	95	100	*	"d__Bacteria; p__Bacteroidetes; c__Bacteroidia; o__Bacteroidales; f__Prevotellaceae; g__Prevotella; s__disiens"
0	0	0	0	0	0	0	0	0	0	0	0	0	1	1	1	94	100		"d__Bacteria; p__Bacteroidetes; c__Bacteroidia; o__Bacteroidales; f__Prevotellaceae; g__Prevotella_2; s__unclassified"
0	0	0	1	0	0	0	1	0	0	0	0	0	0	1	2	91	100	*	"d__Bacteria; p__Bacteroidetes; c__Bacteroidia; o__Bacteroidales; f__Prevotellaceae; g__Prevotella_2; s__stercorea"
0	0	0	0	0	0	0	0	0	0	0	1	1	0	1	2	98	100	*	"d__Bacteria; p__Bacteroidetes; c__Bacteroidia; o__Bacteroidales; f__Prevotellaceae; g__Prevotella_6; s__corporis"
2170	2779	640	3034	2011	2563	600	2855	47	62	38	99	484	512	3034	17899	95.7	100		"d__Bacteria; p__Bacteroidetes; c__Bacteroidia; o__Bacteroidales; f__Prevotellaceae; g__Prevotella_9; s__unclassified"
58	67	18	69	43	49	0	48	2415	2193	1771	3177	10283	13228	13228	33432	95.3	99.8	*	"d__Bacteria; p__Bacteroidetes; c__Bacteroidia; o__Bacteroidales; f__Prevotellaceae; g__Prevotella_9; s__copri"
47	54	22	70	46	49	22	64	94	94	65	100	830	416	830	1973	95.4	99.7		"d__Bacteria; p__Bacteroidetes; c__Bacteroidia; o__Bacteroidales; f__Prevotellaceae; g__Prevotellaceae_NK3B31_group; s__unclassified"
0	0	0	0	0	0	0	0	0	0	0	0	0	1	1	1	100	100		"d__Bacteria; p__Bacteroidetes; c__Bacteroidia; o__Bacteroidales; f__Rikenellaceae; g__Rikenellaceae_RC9_gut_group"
21	29	3	18	18	25	3	17	18	9	22	27	233	111	233	554	96.1	100		"d__Bacteria; p__Bacteroidetes; c__Bacteroidia; o__Bacteroidales; f__Rikenellaceae; g__Alistipes; s__unclassified_96% / senegalensis_2% / timonensis_1%"
0	0	0	0	0	0	0	0	0	0	0	1	0	0	1	1	94	100	*	"d__Bacteria; p__Bacteroidetes; c__Bacteroidia; o__Bacteroidales; f__Rikenellaceae; g__Alistipes; s__finegoldii"
5	2	0	2	5	2	0	1	3	0	4	2	17	1	17	44	96.5	100	*	"d__Bacteria; p__Bacteroidetes; c__Bacteroidia; o__Bacteroidales; f__Rikenellaceae; g__Alistipes; s__indistinctus"
1	1	0	1	1	1	0	1	0	0	0	0	8	1	8	15	95.9	100	*	"d__Bacteria; p__Bacteroidetes; c__Bacteroidia; o__Bacteroidales; f__Rikenellaceae; g__Alistipes; s__massiliensis"
104	129	31	81	98	121	26	77	29	41	46	27	217	172	217	1199	96.8	99.7	*	"d__Bacteria; p__Bacteroidetes; c__Bacteroidia; o__Bacteroidales; f__Rikenellaceae; g__Alistipes; s__putredinis"
18	21	10	18	16	19	10	18	6	8	13	7	54	28	54	252	96.8	96.3	*	"d__Bacteria; p__Bacteroidetes; c__Bacteroidia; o__Bacteroidales; f__Rikenellaceae; g__Alistipes; s__shahii"
0	2	0	0	0	0	0	0	0	0	0	0	0	0	2	2	98	100		"d__Bacteria; p__Firmicutes; c__Bacilli"
0	0	0	0	0	0	0	0	0	0	0	0	4	0	4	4	96	100	*	"d__Bacteria; p__Firmicutes; c__Bacilli; o__Bacillales; f__Bacillaceae; g__Allobacillus; s__halotolerans"
0	1	0	0	0	1	0	0	0	0	0	0	0	0	1	2	90	37.8		"d__Bacteria; p__Firmicutes; c__Bacilli; o__Bacillales; f__Staphylococcaceae; g__Staphylococcus"
0	0	0	0	0	0	0	0	0	0	2	0	1	3	3	6	98.8	87.6		"d__Bacteria; p__Firmicutes; c__Bacilli; o__Lactobacillales; f__P5D1-392_54% / 16d63.751_22% / Carnobacteriaceae_22%"
0	0	0	1	0	0	0	1	5	0	2	1	53	164	164	228	95.8	98.9		"d__Bacteria; p__Firmicutes; c__Bacilli; o__Lactobacillales; f__Lactobacillaceae; g__Lactobacillus; s__crispatus_45% / rhamnosus_25% / unclassified_7% / casei_7% / acidophilus_6% / gallinarum_3% / helveticus_3% / paracasei_1%"
0	0	0	0	0	0	0	0	0	8	9	9	0	0	9	27	95.5	60.4	*	"d__Bacteria; p__Firmicutes; c__Bacilli; o__Lactobacillales; f__Lactobacillaceae; g__Lactobacillus; s__rhamnosus"
0	0	0	0	0	0	0	0	0	0	0	4	0	0	4	4	92.2	100		"d__Bacteria; p__Firmicutes; c__Bacilli; o__Lactobacillales; f__Leuconostocaceae; g__Fructobacillus"
0	0	0	0	0	0	0	0	1	2	1	0	7	4	7	16	97.9	69.6		"d__Bacteria; p__Firmicutes; c__Bacilli; o__Lactobacillales; f__Leuconostocaceae; g__Leuconostoc; s__pseudomesenteroides_51% / mesenteroides_48%"
0	0	0	0	0	0	0	0	0	0	4	0	0	0	4	4	97	10.2	*	"d__Bacteria; p__Firmicutes; c__Bacilli; o__Lactobacillales; f__Leuconostocaceae; g__Leuconostoc; s__carnosum"
0	0	0	0	0	0	0	0	0	1	0	0	0	0	1	1	94	33.3	*	"d__Bacteria; p__Firmicutes; c__Bacilli; o__Lactobacillales; f__Leuconostocaceae; g__Leuconostoc; s__gelidum"
0	0	0	0	0	0	0	0	18	37	3	0	15	2	37	77	95.4	100	*	"d__Bacteria; p__Firmicutes; c__Bacilli; o__Lactobacillales; f__Streptococcaceae; g__Lactococcus; s__lactis"
0	0	0	0	0	0	0	0	0	1	0	1	0	0	1	2	97	100	*	"d__Bacteria; p__Firmicutes; c__Bacilli; o__Lactobacillales; f__Streptococcaceae; g__Lactococcus; s__raffinolactis"
1	0	0	3	1	2	0	3	10	4	3	18	7	25	25	77	96.4	99		"d__Bacteria; p__Firmicutes; c__Bacilli; o__Lactobacillales; f__Streptococcaceae; g__Streptococcus; s__parasanguinis_25% / australis_20% / lactarius_11% / oralis_10% / unclassified_9% / peroris_7% / salivarius_7% / seminale_3% / vestibularis_1% / thermophilus_1%"
0	0	0	0	0	0	0	0	17	0	0	0	0	0	17	17	94.8	33.2	*	"d__Bacteria; p__Firmicutes; c__Bacilli; o__Lactobacillales; f__Streptococcaceae; g__Streptococcus; s__australis"
0	0	0	0	0	0	0	0	0	0	1	3	0	0	3	4	96.2	30.7	*	"d__Bacteria; p__Firmicutes; c__Bacilli; o__Lactobacillales; f__Streptococcaceae; g__Streptococcus; s__gordonii"
0	0	0	0	0	0	0	0	0	0	1	1	0	1	1	4	99	100	*	"d__Bacteria; p__Firmicutes; c__Bacilli; o__Lactobacillales; f__Streptococcaceae; g__Streptococcus; s__mutans"
1	0	0	0	1	0	0	0	0	14	23	0	0	0	23	39	95.4	30.9	*	"d__Bacteria; p__Firmicutes; c__Bacilli; o__Lactobacillales; f__Streptococcaceae; g__Streptococcus; s__parasanguinis"
0	0	0	0	0	0	0	0	63	61	72	111	19	202	202	530	95.4	57.1	*	"d__Bacteria; p__Firmicutes; c__Bacilli; o__Lactobacillales; f__Streptococcaceae; g__Streptococcus; s__salivarius"
21	29	9	17	18	26	8	13	6	6	1	4	5	16	29	179	95.2	100		"d__Bacteria; p__Firmicutes; c__Clostridia; o__Clostridiales; f__Christensenellaceae_74% / Peptostreptococcaceae_15% / Family_XIII_6% / Clostridiaceae_1_2% / Clostridiales_vadinBB60_group_1%"
0	0	0	0	0	0	0	0	2	0	2	0	9	0	9	13	92.5	87.4		"d__Bacteria; p__Firmicutes; c__Clostridia; o__Clostridiales; f__Christensenellaceae; g__unclassified"
0	0	0	0	0	0	0	0	45	42	61	25	331	211	331	719	95.6	89.2		"d__Bacteria; p__Firmicutes; c__Clostridia; o__Clostridiales; f__Christensenellaceae; g__Christensenellaceae_R-7_group; s__unclassified"
0	1	0	0	0	1	0	0	0	21	0	0	0	6	21	30	96.2	100		"d__Bacteria; p__Firmicutes; c__Clostridia; o__Clostridiales; f__Clostridiaceae_1; g__Sarcina"
0	1	0	0	0	1	0	0	41	36	59	41	304	432	432	917	96.3	80.3		"d__Bacteria; p__Firmicutes; c__Clostridia; o__Clostridiales; f__Clostridiaceae_1; g__Clostridium_sensu_stricto_1; s__unclassified"
0	1	0	0	0	1	0	0	0	0	0	0	0	0	1	2	96	100	*	"d__Bacteria; p__Firmicutes; c__Clostridia; o__Clostridiales; f__Clostridiaceae_1; g__Clostridium_sensu_stricto_1; s__celatum"
0	0	0	0	0	0	0	0	0	1	0	0	1	0	1	2	97	100	*	"d__Bacteria; p__Firmicutes; c__Clostridia; o__Clostridiales; f__Clostridiaceae_1; g__Clostridium_sensu_stricto_1; s__chauvoei"
0	0	0	0	0	0	0	0	0	0	0	0	67	0	67	67	96.4	13		"d__Bacteria; p__Firmicutes; c__Clostridia; o__Clostridiales; f__Clostridiaceae_1; g__Sarcina; s__unclassified"
20	15	1	41	19	15	1	38	6	0	5	2	166	77	166	406	96.1	100		"d__Bacteria; p__Firmicutes; c__Clostridia; o__Clostridiales; f__Clostridiales_vadinBB60_group; g__unclassified"
0	0	0	0	0	0	0	0	0	0	0	0	3	2	3	5	93.2	95.8		"d__Bacteria; p__Firmicutes; c__Clostridia; o__Clostridiales; f__Defluviitaleaceae; g__Defluviitaleaceae_UCG-011; s__unclassified"
0	0	0	0	0	0	0	0	0	0	1	0	2	0	2	3	95	67.6		"d__Bacteria; p__Firmicutes; c__Clostridia; o__Clostridiales; f__Family_XI; g__Ezakiella; s__unclassified"
0	0	0	0	0	0	0	0	0	1	0	0	0	0	1	1	94	100	*	"d__Bacteria; p__Firmicutes; c__Clostridia; o__Clostridiales; f__Family_XI; g__Murdochiella; s__asaccharolytica"
0	0	0	0	0	0	0	0	0	1	1	0	0	0	1	2	100	100	*	"d__Bacteria; p__Firmicutes; c__Clostridia; o__Clostridiales; f__Family_XI; g__Parvimonas; s__micra"
1	1	1	1	1	1	1	1	14	17	31	0	29	33	33	132	95.4	77		"d__Bacteria; p__Firmicutes; c__Clostridia; o__Clostridiales; f__Family_XIII; g__Family_XIII_AD3011_group; s__unclassified"
0	1	0	0	0	1	0	0	0	0	0	0	0	0	1	2	96	100		"d__Bacteria; p__Firmicutes; c__Clostridia; o__Clostridiales; f__Family_XIII; g__Family_XIII_UCG-001; s__unclassified"
0	0	0	0	0	0	0	0	0	0	1	0	0	0	1	2	95.5	100		"d__Bacteria; p__Firmicutes; c__Clostridia; o__Clostridiales; f__Family_XIII; g__Mogibacterium; s__unclassified_50% / diversum_16% / neglectum_16% / pumilum_16%"
0	0	0	0	0	0	0	0	0	1	0	0	0	0	1	1	96	100	*	"d__Bacteria; p__Firmicutes; c__Clostridia; o__Clostridiales; f__Family_XIII; g__[Eubacterium]_brachy_group; s__brachy"
0	2	3	0	0	2	3	0	0	0	1	0	0	0	3	11	94	100		"d__Bacteria; p__Firmicutes; c__Clostridia; o__Clostridiales; f__Family_XIII; g__[Eubacterium]_nodatum_group; s__unclassified"
0	0	0	0	0	0	0	0	0	0	1	0	0	0	1	1	92	100	*	"d__Bacteria; p__Firmicutes; c__Clostridia; o__Clostridiales; f__Family_XIII; g__[Eubacterium]_nodatum_group; s__sulci"
350	579	88	370	308	522	61	337	925	960	1002	939	3337	3170	3337	12957	95.2	100		"d__Bacteria; p__Firmicutes; c__Clostridia; o__Clostridiales; f__Lachnospiraceae; g__unclassified_23% / Lachnospiraceae_UCG-008_16% / Lachnospiraceae_NC2004_group_10% / Lachnospiraceae_NK4A136_group_9% / Pseudobutyrivibrio_9% / [Eubacterium]_oxidoreducens_group_9% / Lachnospiraceae_UCG-004_5% / [Eubacterium]_hallii_group_3% / [Eubacterium]_ruminantium_group_3% / [Ruminococcus]_gauvreauii_group_2% / Lachnospiraceae_FCS020_group_2% / Lachnospiraceae_UCG-001_1%"
0	4	0	3	0	4	0	3	21	17	28	27	40	92	92	242	94	97.9		"d__Bacteria; p__Firmicutes; c__Clostridia; o__Clostridiales; f__Lachnospiraceae; g__Anaerostipes; s__unclassified_97% / hadrus_2%"
6	6	0	0	5	6	0	0	0	0	0	0	1	0	6	24	95.5	95.2	*	"d__Bacteria; p__Firmicutes; c__Clostridia; o__Clostridiales; f__Lachnospiraceae; g__Anaerostipes; s__butyraticus"
1	0	0	0	0	0	0	0	239	233	253	227	153	313	313	1419	95	100	*	"d__Bacteria; p__Firmicutes; c__Clostridia; o__Clostridiales; f__Lachnospiraceae; g__Anaerostipes; s__hadrus"
35	34	11	0	24	36	9	0	691	476	761	628	1129	1303	1303	5141	95	97.2		"d__Bacteria; p__Firmicutes; c__Clostridia; o__Clostridiales; f__Lachnospiraceae; g__Blautia; s__unclassified_97% / luti_2%"
1	4	2	0	1	3	2	0	63	50	114	61	281	76	281	658	95.1	95.5	*	"d__Bacteria; p__Firmicutes; c__Clostridia; o__Clostridiales; f__Lachnospiraceae; g__Blautia; s__faecis"
1	0	0	0	1	0	0	0	0	1	0	0	2	1	2	6	96.2	100	*	"d__Bacteria; p__Firmicutes; c__Clostridia; o__Clostridiales; f__Lachnospiraceae; g__Blautia; s__hydrogenotrophica"
0	8	0	0	0	7	0	0	0	0	0	0	36	0	36	51	96	71.4	*	"d__Bacteria; p__Firmicutes; c__Clostridia; o__Clostridiales; f__Lachnospiraceae; g__Blautia; s__luti"
0	0	0	0	0	0	0	0	633	556	870	382	575	1851	1851	4867	96.2	98.5	*	"d__Bacteria; p__Firmicutes; c__Clostridia; o__Clostridiales; f__Lachnospiraceae; g__Blautia; s__wexlerae"
0	1	1	0	0	1	1	0	2	1	4	8	11	13	13	45	95.2	100		"d__Bacteria; p__Firmicutes; c__Clostridia; o__Clostridiales; f__Lachnospiraceae; g__Coprococcus_1; s__unclassified"
0	3	1	0	0	3	1	0	79	98	131	72	174	180	180	742	95.2	100	*	"d__Bacteria; p__Firmicutes; c__Clostridia; o__Clostridiales; f__Lachnospiraceae; g__Coprococcus_1; s__catus"
3	6	0	5	3	5	0	4	3	1	6	3	10	319	319	369	95.5	100		"d__Bacteria; p__Firmicutes; c__Clostridia; o__Clostridiales; f__Lachnospiraceae; g__Coprococcus_2; s__unclassified"
25	53	5	41	19	45	5	34	720	622	847	695	172	227	847	3510	95	100	*	"d__Bacteria; p__Firmicutes; c__Clostridia; o__Clostridiales; f__Lachnospiraceae; g__Coprococcus_2; s__eutactus"
1	0	0	0	1	0	0	0	5	1	4	2	6	12	12	32	91.3	89.9		"d__Bacteria; p__Firmicutes; c__Clostridia; o__Clostridiales; f__Lachnospiraceae; g__Coprococcus_3; s__unclassified"
1	2	3	4	1	2	2	4	89	98	95	82	118	132	132	633	95.2	69.5	*	"d__Bacteria; p__Firmicutes; c__Clostridia; o__Clostridiales; f__Lachnospiraceae; g__Coprococcus_3; s__comes"
6	14	0	21	5	12	0	15	65	18	57	54	311	166	311	750	95.9	100		"d__Bacteria; p__Firmicutes; c__Clostridia; o__Clostridiales; f__Lachnospiraceae; g__Dorea; s__unclassified"
1	0	0	0	1	0	0	0	76	96	103	75	134	142	142	628	95.6	100	*	"d__Bacteria; p__Firmicutes; c__Clostridia; o__Clostridiales; f__Lachnospiraceae; g__Dorea; s__formicigenerans"
2	5	0	2	2	5	0	2	199	155	234	190	361	350	361	1507	96	100	*	"d__Bacteria; p__Firmicutes; c__Clostridia; o__Clostridiales; f__Lachnospiraceae; g__Dorea; s__longicatena"
0	0	1	0	0	0	0	0	0	0	0	0	0	0	1	1	93	100		"d__Bacteria; p__Firmicutes; c__Clostridia; o__Clostridiales; f__Lachnospiraceae; g__Eisenbergiella; s__unclassified"
0	0	1	0	0	0	0	0	0	0	0	0	2	0	2	3	98.7	100	*	"d__Bacteria; p__Firmicutes; c__Clostridia; o__Clostridiales; f__Lachnospiraceae; g__Eisenbergiella; s__tayi"
0	0	0	0	0	0	0	0	18	85	240	193	0	0	240	537	94.5	99.6		"d__Bacteria; p__Firmicutes; c__Clostridia; o__Clostridiales; f__Lachnospiraceae; g__Eubacterium; s__rectale"
1	1	1	0	1	1	1	0	11	15	7	9	0	0	15	48	95.4	99.5	*	"d__Bacteria; p__Firmicutes; c__Clostridia; o__Clostridiales; f__Lachnospiraceae; g__Eubacterium; s__ramulus"
1	6	0	7	1	5	0	7	0	0	0	0	0	0	7	27	97.3	100	*	"d__Bacteria; p__Firmicutes; c__Clostridia; o__Clostridiales; f__Lachnospiraceae; g__Eubacterium; s__rectale"
7	16	5	15	7	15	5	15	117	52	109	109	83	156	156	715	94.1	99.6		"d__Bacteria; p__Firmicutes; c__Clostridia; o__Clostridiales; f__Lachnospiraceae; g__Fusicatenibacter; s__unclassified"
9	19	2	4	9	17	2	4	171	210	271	94	689	524	689	2025	95.3	99.6	*	"d__Bacteria; p__Firmicutes; c__Clostridia; o__Clostridiales; f__Lachnospiraceae; g__Fusicatenibacter; s__saccharivorans"
0	0	0	0	0	0	0	0	0	0	0	0	1	0	1	1	96	100		"d__Bacteria; p__Firmicutes; c__Clostridia; o__Clostridiales; f__Lachnospiraceae; g__Hungatella; s__unclassified"
68	84	30	51	61	84	30	45	267	216	300	317	422	496	496	2476	95.3	76.4		"d__Bacteria; p__Firmicutes; c__Clostridia; o__Clostridiales; f__Lachnospiraceae; g__Lachnoclostridium; s__unclassified"
0	0	0	0	0	0	0	0	127	113	141	126	137	104	141	748	94.3	98	*	"d__Bacteria; p__Firmicutes; c__Clostridia; o__Clostridiales; f__Lachnospiraceae; g__Lachnoclostridium; s__faecis"
0	0	0	0	0	0	0	0	3	6	1	2	0	0	6	12	95.7	100	*	"d__Bacteria; p__Firmicutes; c__Clostridia; o__Clostridiales; f__Lachnospiraceae; g__Lachnoclostridium; s__gnavus"
3	0	0	0	3	2	0	0	95	72	90	67	123	172	172	631	95.2	99.9	*	"d__Bacteria; p__Firmicutes; c__Clostridia; o__Clostridiales; f__Lachnospiraceae; g__Lachnoclostridium; s__lactaris"
0	6	0	0	0	5	0	0	132	148	128	80	62	71	148	632	95.3	89.9	*	"d__Bacteria; p__Firmicutes; c__Clostridia; o__Clostridiales; f__Lachnospiraceae; g__Lachnoclostridium; s__torques"
26	28	4	45	20	24	4	46	99	118	57	132	95	84	132	784	94.2	100		"d__Bacteria; p__Firmicutes; c__Clostridia; o__Clostridiales; f__Lachnospiraceae; g__Lachnospira; s__unclassified"
9	12	2	155	7	10	2	147	90	56	47	109	45	1	155	692	92.6	100	*	"d__Bacteria; p__Firmicutes; c__Clostridia; o__Clostridiales; f__Lachnospiraceae; g__Lachnospira; s__pectinoschiza"
0	0	0	0	0	0	0	0	0	49	0	0	0	0	49	49	99.9	10.7		"d__Bacteria; p__Firmicutes; c__Clostridia; o__Clostridiales; f__Lachnospiraceae; g__Lachnospiraceae_AC2044_group; s__unclassified"
0	0	0	0	0	0	0	0	0	0	35	0	0	0	35	35	93.5	29.1		"d__Bacteria; p__Firmicutes; c__Clostridia; o__Clostridiales; f__Lachnospiraceae; g__Lachnospiraceae_FCS020_group; s__unclassified"
73	0	20	0	63	0	20	0	0	0	0	0	0	0	73	176	95.7	16.2		"d__Bacteria; p__Firmicutes; c__Clostridia; o__Clostridiales; f__Lachnospiraceae; g__Lachnospiraceae_NC2004_group; s__unclassified"
0	0	0	0	0	0	0	0	91	103	125	56	697	644	697	1716	95.9	24.6		"d__Bacteria; p__Firmicutes; c__Clostridia; o__Clostridiales; f__Lachnospiraceae; g__Lachnospiraceae_ND3007_group; s__unclassified"
0	0	0	116	0	0	18	100	0	0	0	143	0	0	143	378	96.1	35.9		"d__Bacteria; p__Firmicutes; c__Clostridia; o__Clostridiales; f__Lachnospiraceae; g__Lachnospiraceae_NK4A136_group; s__unclassified"
0	0	0	0	0	1	0	0	0	0	0	0	0	0	1	1	94	85.7		"d__Bacteria; p__Firmicutes; c__Clostridia; o__Clostridiales; f__Lachnospiraceae; g__Lachnospiraceae_UCG-001; s__unclassified"
0	45	0	0	0	42	0	0	0	0	0	0	0	0	45	87	96.3	45.6		"d__Bacteria; p__Firmicutes; c__Clostridia; o__Clostridiales; f__Lachnospiraceae; g__Lachnospiraceae_UCG-004; s__unclassified"
0	1	0	0	0	1	0	0	0	0	0	0	0	0	1	2	92	100	*	"d__Bacteria; p__Firmicutes; c__Clostridia; o__Clostridiales; f__Lachnospiraceae; g__Lachnospiraceae_UCG-005; s__rangiferina"
0	0	0	0	0	0	0	0	1	0	1	4	19	11	19	36	95.6	40.4		"d__Bacteria; p__Firmicutes; c__Clostridia; o__Clostridiales; f__Lachnospiraceae; g__Lachnospiraceae_UCG-006; s__unclassified"
191	236	43	169	167	209	37	161	0	0	0	0	0	0	236	1213	96.4	86.2		"d__Bacteria; p__Firmicutes; c__Clostridia; o__Clostridiales; f__Lachnospiraceae; g__Lachnospiraceae_UCG-008; s__unclassified"
2	0	0	0	1	0	0	0	9	14	7	14	53	40	53	140	95.7	88.3		"d__Bacteria; p__Firmicutes; c__Clostridia; o__Clostridiales; f__Lachnospiraceae; g__Lachnospiraceae_UCG-010; s__unclassified"
0	0	5	0	0	0	4	0	0	0	0	0	0	55	55	64	94.3	63		"d__Bacteria; p__Firmicutes; c__Clostridia; o__Clostridiales; f__Lachnospiraceae; g__Moryella; s__unclassified"
0	0	0	0	0	0	0	0	0	0	0	0	0	1	1	1	96	100	*	"d__Bacteria; p__Firmicutes; c__Clostridia; o__Clostridiales; f__Lachnospiraceae; g__Oribacterium; s__parvum"
0	0	0	0	0	0	0	0	0	0	0	0	0	362	362	362	97	98.8		"d__Bacteria; p__Firmicutes; c__Clostridia; o__Clostridiales; f__Lachnospiraceae; g__Pseudobutyrivibrio; s__unclassified"
0	0	0	0	0	0	0	0	0	0	0	0	0	86	86	86	95.5	98.8	*	"d__Bacteria; p__Firmicutes; c__Clostridia; o__Clostridiales; f__Lachnospiraceae; g__Pseudobutyrivibrio; s__rectale"
13	14	0	15	10	11	0	13	855	414	840	583	823	1520	1520	5113	95.8	80.7		"d__Bacteria; p__Firmicutes; c__Clostridia; o__Clostridiales; f__Lachnospiraceae; g__Roseburia; s__unclassified_63% / faecis_36%"
20	34	2	20	15	31	1	16	0	0	0	0	0	15	34	154	96.1	69.4	*	"d__Bacteria; p__Firmicutes; c__Clostridia; o__Clostridiales; f__Lachnospiraceae; g__Roseburia; s__faecis"
0	0	0	0	0	0	0	0	30	19	24	38	229	218	229	558	95.6	97.1	*	"d__Bacteria; p__Firmicutes; c__Clostridia; o__Clostridiales; f__Lachnospiraceae; g__Roseburia; s__hominis"
0	0	0	0	0	0	0	0	12	0	4	43	285	1444	1444	1788	95.1	97.5	*	"d__Bacteria; p__Firmicutes; c__Clostridia; o__Clostridiales; f__Lachnospiraceae; g__Roseburia; s__intestinalis"
0	0	0	0	0	0	0	0	2	2	2	2	6	30	30	44	96.1	100	*	"d__Bacteria; p__Firmicutes; c__Clostridia; o__Clostridiales; f__Lachnospiraceae; g__Roseburia; s__inulinivorans"
0	0	0	0	0	0	0	0	0	0	0	0	47	66	66	113	95.3	100	*	"d__Bacteria; p__Firmicutes; c__Clostridia; o__Clostridiales; f__Lachnospiraceae; g__Roseburia; s__ramulus"
0	1	0	0	0	1	0	0	0	0	0	0	0	0	1	2	90	100	*	"d__Bacteria; p__Firmicutes; c__Clostridia; o__Clostridiales; f__Lachnospiraceae; g__Shuttleworthia; s__germanica"
0	0	0	0	0	0	0	0	0	0	0	0	6	1	6	7	95.6	100		"d__Bacteria; p__Firmicutes; c__Clostridia; o__Clostridiales; f__Lachnospiraceae; g__Tyzzerella; s__unclassified"
40	0	0	0	39	0	0	0	104	0	138	0	0	0	138	323	94.1	58.5		"d__Bacteria; p__Firmicutes; c__Clostridia; o__Clostridiales; f__Lachnospiraceae; g__[Eubacterium]_ruminantium_group; s__unclassified"
0	13	0	0	0	11	0	0	45	155	18	0	23	57	155	322	94.8	53.1		"d__Bacteria; p__Firmicutes; c__Clostridia; o__Clostridiales; f__Lachnospiraceae; g__[Eubacterium]_ventriosum_group; s__unclassified"
0	3	0	0	0	2	0	0	0	0	0	0	0	0	3	5	96.4	100	*	"d__Bacteria; p__Firmicutes; c__Clostridia; o__Clostridiales; f__Lachnospiraceae; g__[Eubacterium]_ventriosum_group; s__ventriosum"
2	0	0	0	2	0	0	0	0	0	0	0	0	0	2	4	95.5	35.4		"d__Bacteria; p__Firmicutes; c__Clostridia; o__Clostridiales; f__Lachnospiraceae; g__[Ruminococcus]_gauvreauii_group; s__unclassified"
0	1	0	0	0	1	0	0	0	1	0	0	3	3	3	9	96.7	98.9		"d__Bacteria; p__Firmicutes; c__Clostridia; o__Clostridiales; f__Peptococcaceae; g__unclassified"
1	6	1	6	1	5	1	6	3	3	3	3	5	17	17	61	97.9	99.1		"d__Bacteria; p__Firmicutes; c__Clostridia; o__Clostridiales; f__Peptococcaceae; g__Peptococcus; s__unclassified"
0	0	0	4	0	0	0	3	0	0	5	0	0	0	5	12	93.4	100		"d__Bacteria; p__Firmicutes; c__Clostridia; o__Clostridiales; f__Peptostreptococcaceae; g__Intestinibacter_84% / Peptoclostridium_16%"
0	0	0	0	0	0	0	0	0	0	0	0	478	1457	1457	1936	96.7	100		"d__Bacteria; p__Firmicutes; c__Clostridia; o__Clostridiales; f__Peptostreptococcaceae; g__Intestinibacter; s__unclassified"
0	0	0	0	0	0	0	0	0	0	0	0	18	9	18	27	97.5	100	*	"d__Bacteria; p__Firmicutes; c__Clostridia; o__Clostridiales; f__Peptostreptococcaceae; g__Intestinibacter; s__bartlettii"
0	0	0	0	0	0	0	0	0	0	3	2	18	30	30	53	94.9	39.7		"d__Bacteria; p__Firmicutes; c__Clostridia; o__Clostridiales; f__Peptostreptococcaceae; g__Peptoclostridium; s__unclassified"
0	0	0	0	0	0	0	0	0	0	0	0	2	0	2	2	100	100	*	"d__Bacteria; p__Firmicutes; c__Clostridia; o__Clostridiales; f__Peptostreptococcaceae; g__Peptoclostridium; s__difficile"
0	0	0	0	0	0	0	0	0	0	1	0	7	0	7	9	95.9	72.2		"d__Bacteria; p__Firmicutes; c__Clostridia; o__Clostridiales; f__Peptostreptococcaceae; g__Peptostreptococcus; s__unclassified"
0	0	0	0	0	0	0	0	0	0	2	0	1	0	2	3	97.7	100	*	"d__Bacteria; p__Firmicutes; c__Clostridia; o__Clostridiales; f__Peptostreptococcaceae; g__Peptostreptococcus; s__stomatis"
0	0	0	0	0	0	0	0	0	0	0	0	0	1	1	1	95	100		"d__Bacteria; p__Firmicutes; c__Clostridia; o__Clostridiales; f__Peptostreptococcaceae; g__Romboutsia; s__unclassified"
0	0	0	1	0	0	0	1	0	0	0	0	0	0	1	2	100	100	*	"d__Bacteria; p__Firmicutes; c__Clostridia; o__Clostridiales; f__Peptostreptococcaceae; g__Romboutsia; s__ilealis"
0	0	0	0	0	0	0	0	0	0	0	0	15	5	15	20	98.2	100	*	"d__Bacteria; p__Firmicutes; c__Clostridia; o__Clostridiales; f__Peptostreptococcaceae; g__Romboutsia; s__ruminantium"
0	0	0	0	0	0	0	0	0	0	0	0	6	0	6	7	95.8	100		"d__Bacteria; p__Firmicutes; c__Clostridia; o__Clostridiales; f__Peptostreptococcaceae; g__Terrisporobacter; s__unclassified"
0	0	0	0	0	0	0	0	0	0	0	0	6	0	6	6	97.2	100	*	"d__Bacteria; p__Firmicutes; c__Clostridia; o__Clostridiales; f__Peptostreptococcaceae; g__Terrisporobacter; s__glycolicus"
45	77	34	39	42	70	28	36	131	614	1087	382	782	560	1087	3932	95	100		"d__Bacteria; p__Firmicutes; c__Clostridia; o__Clostridiales; f__Ruminococcaceae; g__Ruminococcus_2_35% / [Eubacterium]_coprostanoligenes_group_14% / Ruminococcaceae_UCG-005_12% / Ruminococcaceae_UCG-014_10% / unclassified_10% / Ruminococcaceae_UCG-002_6% / Ruminiclostridium_5_2% / Ruminococcaceae_UCG-003_1% / Ruminococcaceae_NK4A214_group_1% / Ruminiclostridium_1%"
0	0	0	0	0	0	0	0	0	0	0	0	1	0	1	1	95	100		"d__Bacteria; p__Firmicutes; c__Clostridia; o__Clostridiales; f__Ruminococcaceae; g__Acetanaerobacterium; s__unclassified"
0	0	0	1	0	0	0	1	0	0	0	0	3	1	3	6	90.3	100		"d__Bacteria; p__Firmicutes; c__Clostridia; o__Clostridiales; f__Ruminococcaceae; g__Anaerofilum; s__unclassified"
0	0	0	1	0	0	0	1	0	0	4	0	15	8	15	29	96.1	98.9		"d__Bacteria; p__Firmicutes; c__Clostridia; o__Clostridiales; f__Ruminococcaceae; g__Anaerotruncus; s__unclassified"
0	1	0	0	0	0	0	0	0	0	1	0	1	0	1	3	96.3	100	*	"d__Bacteria; p__Firmicutes; c__Clostridia; o__Clostridiales; f__Ruminococcaceae; g__Anaerotruncus; s__colihominis"
0	0	0	0	0	0	0	0	0	2	1	3	0	0	3	6	95	100		"d__Bacteria; p__Firmicutes; c__Clostridia; o__Clostridiales; f__Ruminococcaceae; g__Candidatus_Soleaferrea; s__unclassified"
121	174	34	112	93	139	29	90	418	214	552	406	1224	692	1224	4303	94.6	99.9		"d__Bacteria; p__Firmicutes; c__Clostridia; o__Clostridiales; f__Ruminococcaceae; g__Faecalibacterium; s__unclassified"
1088	1627	358	1174	986	1502	323	1076	1666	1551	1988	1843	7362	5995	7362	28546	96	99.9	*	"d__Bacteria; p__Firmicutes; c__Clostridia; o__Clostridiales; f__Ruminococcaceae; g__Faecalibacterium; s__prausnitzii"
0	0	0	0	0	0	0	0	0	0	0	0	0	285	285	285	92.3	92.3	*	"d__Bacteria; p__Firmicutes; c__Clostridia; o__Clostridiales; f__Ruminococcaceae; g__Faecalibacterium; s__trichiura"
5	3	0	0	5	3	0	0	0	0	0	0	6	0	6	22	98	82.6		"d__Bacteria; p__Firmicutes; c__Clostridia; o__Clostridiales; f__Ruminococcaceae; g__Flavonifractor; s__unclassified"
1	1	0	0	1	1	0	0	0	0	0	0	0	0	1	4	94	100	*	"d__Bacteria; p__Firmicutes; c__Clostridia; o__Clostridiales; f__Ruminococcaceae; g__Flavonifractor; s__orbiscindens"
0	1	0	0	0	1	0	0	0	0	0	0	0	0	1	2	100	100	*	"d__Bacteria; p__Firmicutes; c__Clostridia; o__Clostridiales; f__Ruminococcaceae; g__Flavonifractor; s__plautii"
0	0	0	0	0	0	0	0	0	0	0	0	1	0	1	1	100	100		"d__Bacteria; p__Firmicutes; c__Clostridia; o__Clostridiales; f__Ruminococcaceae; g__Hydrogenoanaerobacterium; s__unclassified"
0	0	0	1	0	0	0	1	0	0	0	0	0	0	1	2	94	100		"d__Bacteria; p__Firmicutes; c__Clostridia; o__Clostridiales; f__Ruminococcaceae; g__Intestinimonas; s__unclassified"
0	0	0	0	0	0	0	0	1	0	0	0	3	3	3	7	96.9	100	*	"d__Bacteria; p__Firmicutes; c__Clostridia; o__Clostridiales; f__Ruminococcaceae; g__Intestinimonas; s__butyriciproducens"
0	0	0	0	0	0	0	0	0	0	0	0	13	3	13	16	94.9	55		"d__Bacteria; p__Firmicutes; c__Clostridia; o__Clostridiales; f__Ruminococcaceae; g__Oscillibacter; s__unclassified"
0	0	0	0	0	0	0	0	0	0	0	0	1	0	1	1	92	100	*	"d__Bacteria; p__Firmicutes; c__Clostridia; o__Clostridiales; f__Ruminococcaceae; g__Oscillibacter; s__ruminantium"
0	0	1	0	0	0	0	0	0	0	0	0	0	0	1	1	93	100		"d__Bacteria; p__Firmicutes; c__Clostridia; o__Clostridiales; f__Ruminococcaceae; g__Oscillospira; s__unclassified"
0	1	0	0	0	1	0	0	0	0	0	0	0	2	2	4	98	100		"d__Bacteria; p__Firmicutes; c__Clostridia; o__Clostridiales; f__Ruminococcaceae; g__Papillibacter; s__unclassified"
0	2	0	0	0	2	0	0	0	0	0	0	6	5	6	15	96.1	100	*	"d__Bacteria; p__Firmicutes; c__Clostridia; o__Clostridiales; f__Ruminococcaceae; g__Pseudoflavonifractor; s__capillosus"
19	36	6	29	17	36	6	25	88	0	62	133	196	149	196	804	95.5	92.9		"d__Bacteria; p__Firmicutes; c__Clostridia; o__Clostridiales; f__Ruminococcaceae; g__Ruminiclostridium; s__unclassified"
0	8	1	3	0	6	1	3	64	0	84	0	336	266	336	775	94.8	83.7		"d__Bacteria; p__Firmicutes; c__Clostridia; o__Clostridiales; f__Ruminococcaceae; g__Ruminiclostridium_5; s__unclassified"
0	0	0	0	0	0	0	0	0	0	0	0	0	6	6	6	90.2	16.1		"d__Bacteria; p__Firmicutes; c__Clostridia; o__Clostridiales; f__Ruminococcaceae; g__Ruminiclostridium_6; s__unclassified"
10	24	0	17	7	19	0	15	28	13	22	29	79	62	79	325	94.7	76.5		"d__Bacteria; p__Firmicutes; c__Clostridia; o__Clostridiales; f__Ruminococcaceae; g__Ruminiclostridium_9; s__unclassified"
40	20	6	24	34	18	5	22	44	30	66	56	0	0	66	365	95.5	46.5		"d__Bacteria; p__Firmicutes; c__Clostridia; o__Clostridiales; f__Ruminococcaceae; g__Ruminococcaceae_NK4A214_group; s__unclassified"
0	0	0	0	0	0	0	0	0	0	0	0	583	463	583	1047	95.7	100		"d__Bacteria; p__Firmicutes; c__Clostridia; o__Clostridiales; f__Ruminococcaceae; g__Ruminococcaceae_UCG-002; s__unclassified"
0	0	0	0	0	0	0	0	0	0	0	0	7	4	7	11	95.6	100	*	"d__Bacteria; p__Firmicutes; c__Clostridia; o__Clostridiales; f__Ruminococcaceae; g__Ruminococcaceae_UCG-002; s__trichiura"
0	0	0	0	0	0	0	0	2	0	0	1	5	3	5	11	94.4	92.3		"d__Bacteria; p__Firmicutes; c__Clostridia; o__Clostridiales; f__Ruminococcaceae; g__Ruminococcaceae_UCG-004; s__unclassified"
22	39	0	15	21	37	0	14	0	0	0	0	0	0	39	149	96.5	28.6		"d__Bacteria; p__Firmicutes; c__Clostridia; o__Clostridiales; f__Ruminococcaceae; g__Ruminococcaceae_UCG-005; s__unclassified"
1	0	0	1	0	0	0	1	7	5	4	5	13	10	13	47	96.3	100		"d__Bacteria; p__Firmicutes; c__Clostridia; o__Clostridiales; f__Ruminococcaceae; g__Ruminococcaceae_UCG-009; s__unclassified"
10	8	1	15	10	7	1	15	3	1	4	9	164	95	164	343	94.9	88.9		"d__Bacteria; p__Firmicutes; c__Clostridia; o__Clostridiales; f__Ruminococcaceae; g__Ruminococcaceae_UCG-010; s__unclassified"
36	70	0	55	29	58	0	15	279	223	302	104	1511	946	1511	3632	95.3	94.9		"d__Bacteria; p__Firmicutes; c__Clostridia; o__Clostridiales; f__Ruminococcaceae; g__Ruminococcus_1; s__unclassified"
0	0	0	1	0	0	0	0	0	0	0	0	0	0	1	1	90	100	*	"d__Bacteria; p__Firmicutes; c__Clostridia; o__Clostridiales; f__Ruminococcaceae; g__Ruminococcus_1; s__albus"
0	0	0	0	0	0	0	0	104	123	130	108	2	19	130	486	94.9	99.1	*	"d__Bacteria; p__Firmicutes; c__Clostridia; o__Clostridiales; f__Ruminococcaceae; g__Ruminococcus_1; s__bicirculans"
2	2	0	0	1	2	0	0	197	219	192	157	61	49	219	882	95	99.5	*	"d__Bacteria; p__Firmicutes; c__Clostridia; o__Clostridiales; f__Ruminococcaceae; g__Ruminococcus_1; s__callidus"
3	0	0	0	3	0	0	0	805	0	0	1201	1499	1094	1499	4607	95	100		"d__Bacteria; p__Firmicutes; c__Clostridia; o__Clostridiales; f__Ruminococcaceae; g__Ruminococcus_2; s__unclassified"
0	0	0	0	0	0	0	0	1	0	0	0	9	6	9	16	93.6	100	*	"d__Bacteria; p__Firmicutes; c__Clostridia; o__Clostridiales; f__Ruminococcaceae; g__Ruminococcus_2; s__bromii"
14	18	8	10	14	18	6	10	159	67	114	177	252	494	494	1364	94.5	70.7		"d__Bacteria; p__Firmicutes; c__Clostridia; o__Clostridiales; f__Ruminococcaceae; g__Subdoligranulum; s__unclassified"
5	5	1	1	5	4	1	1	166	146	179	104	340	339	340	1297	95.2	69.3	*	"d__Bacteria; p__Firmicutes; c__Clostridia; o__Clostridiales; f__Ruminococcaceae; g__Subdoligranulum; s__formicilis"
0	0	0	0	0	0	0	0	0	0	0	0	297	387	387	684	95.5	98.4	*	"d__Bacteria; p__Firmicutes; c__Clostridia; o__Clostridiales; f__Ruminococcaceae; g__Subdoligranulum; s__prausnitzii"
0	0	5	0	0	0	4	0	187	125	265	0	0	0	265	587	94.1	19		"d__Bacteria; p__Firmicutes; c__Clostridia; o__Clostridiales; f__Ruminococcaceae; g__[Eubacterium]_coprostanoligenes_group; s__unclassified"
0	0	0	0	0	0	0	0	0	0	0	0	2	2	2	4	100	100		"d__Bacteria; p__Firmicutes; c__Clostridia; o__Thermoanaerobacterales; f__Thermoanaerobacteraceae; g__Gelria; s__unclassified"
0	0	0	0	0	0	0	0	0	0	0	0	1	0	1	2	94	100		"d__Bacteria; p__Firmicutes; c__Erysipelotrichia; o__Erysipelotrichales; f__Erysipelotrichaceae; g__Solobacterium"
1	11	0	0	1	10	0	0	5	13	7	3	8	9	13	68	95.1	100		"d__Bacteria; p__Firmicutes; c__Erysipelotrichia; o__Erysipelotrichales; f__Erysipelotrichaceae; g__Catenibacterium; s__unclassified"
0	1	0	0	0	0	0	0	22	49	10	17	400	382	400	881	97	100	*	"d__Bacteria; p__Firmicutes; c__Erysipelotrichia; o__Erysipelotrichales; f__Erysipelotrichaceae; g__Catenibacterium; s__mitsuokai"
1	0	0	0	1	0	0	0	0	1	0	0	1	1	1	5	98.2	100	*	"d__Bacteria; p__Firmicutes; c__Erysipelotrichia; o__Erysipelotrichales; f__Erysipelotrichaceae; g__Clostridium; s__aff."
1	2	0	0	1	2	0	0	3	13	2	1	0	2	13	27	97.4	100	*	"d__Bacteria; p__Firmicutes; c__Erysipelotrichia; o__Erysipelotrichales; f__Erysipelotrichaceae; g__Coprobacillus; s__cateniformis"
0	0	0	0	0	0	0	0	0	0	1	0	0	1	1	2	95	100		"d__Bacteria; p__Firmicutes; c__Erysipelotrichia; o__Erysipelotrichales; f__Erysipelotrichaceae; g__Erysipelatoclostridium; s__unclassified"
0	0	0	0	0	0	0	0	0	1	0	0	0	0	1	1	93	100	*	"d__Bacteria; p__Firmicutes; c__Erysipelotrichia; o__Erysipelotrichales; f__Erysipelotrichaceae; g__Erysipelatoclostridium; s__ramosum"
0	0	0	0	0	0	0	0	0	0	0	0	0	1	1	1	93	100		"d__Bacteria; p__Firmicutes; c__Erysipelotrichia; o__Erysipelotrichales; f__Erysipelotrichaceae; g__Erysipelotrichaceae_UCG-001; s__unclassified"
2	11	1	5	0	10	1	4	162	157	181	147	71	226	226	978	95.3	99.9		"d__Bacteria; p__Firmicutes; c__Erysipelotrichia; o__Erysipelotrichales; f__Erysipelotrichaceae; g__Erysipelotrichaceae_UCG-003; s__unclassified"
4	11	1	6	4	4	1	6	0	0	0	2	1	2	11	44	98.5	100		"d__Bacteria; p__Firmicutes; c__Erysipelotrichia; o__Erysipelotrichales; f__Erysipelotrichaceae; g__Holdemanella; s__unclassified"
2	7	3	3	2	5	2	2	477	458	491	522	534	780	780	3288	94.7	100	*	"d__Bacteria; p__Firmicutes; c__Erysipelotrichia; o__Erysipelotrichales; f__Erysipelotrichaceae; g__Holdemanella; s__biformis"
0	0	0	0	0	0	0	0	0	0	1	0	0	0	1	1	91	100		"d__Bacteria; p__Firmicutes; c__Erysipelotrichia; o__Erysipelotrichales; f__Erysipelotrichaceae; g__Holdemania; s__unclassified"
0	0	1	0	0	0	1	0	1	0	0	0	3	1	3	7	94.1	88.9	*	"d__Bacteria; p__Firmicutes; c__Erysipelotrichia; o__Erysipelotrichales; f__Erysipelotrichaceae; g__Holdemania; s__filiformis"
1	0	0	0	1	0	0	0	1	0	0	0	0	3	3	6	96	100	*	"d__Bacteria; p__Firmicutes; c__Erysipelotrichia; o__Erysipelotrichales; f__Erysipelotrichaceae; g__Holdemania; s__massiliensis"
0	0	0	0	0	0	0	0	0	0	2	1	0	0	2	3	96.3	100	*	"d__Bacteria; p__Firmicutes; c__Erysipelotrichia; o__Erysipelotrichales; f__Erysipelotrichaceae; g__Solobacterium; s__moorei"
0	0	0	0	0	0	0	0	1	1	0	0	4	0	4	6	94	100		"d__Bacteria; p__Firmicutes; c__Erysipelotrichia; o__Erysipelotrichales; f__Erysipelotrichaceae; g__Turicibacter; s__unclassified"
0	0	0	0	0	0	0	0	1	2	0	0	33	1	33	37	100	100	*	"d__Bacteria; p__Firmicutes; c__Erysipelotrichia; o__Erysipelotrichales; f__Erysipelotrichaceae; g__Turicibacter; s__sanguinis"
0	0	0	0	0	0	0	0	0	0	0	0	0	5	5	5	94	100		"d__Bacteria; p__Firmicutes; c__Negativicutes; o__Selenomonadales; f__Acidaminococcaceae; g__Phascolarctobacterium; s__unclassified"
0	2	0	0	0	2	0	0	0	0	0	0	8	11	11	23	99	100	*	"d__Bacteria; p__Firmicutes; c__Negativicutes; o__Selenomonadales; f__Acidaminococcaceae; g__Phascolarctobacterium; s__faecium"
1	2	0	1	1	2	0	1	5	3	3	9	13	9	13	50	96.6	100	*	"d__Bacteria; p__Firmicutes; c__Negativicutes; o__Selenomonadales; f__Veillonellaceae; g__Allisonella; s__histaminiformans"
0	0	0	0	0	0	0	0	0	1	0	0	0	0	1	1	91	100		"d__Bacteria; p__Firmicutes; c__Negativicutes; o__Selenomonadales; f__Veillonellaceae; g__Anaerovibrio; s__unclassified"
0	0	0	0	0	0	0	0	7	1	6	4	39	24	39	81	93.6	100		"d__Bacteria; p__Firmicutes; c__Negativicutes; o__Selenomonadales; f__Veillonellaceae; g__Dialister; s__unclassified_97% / propionicifaciens_2%"
0	0	0	0	0	0	0	0	1	0	0	0	0	0	1	1	100	100	*	"d__Bacteria; p__Firmicutes; c__Negativicutes; o__Selenomonadales; f__Veillonellaceae; g__Dialister; s__invisus"
0	0	0	0	0	0	0	0	1	0	0	0	0	0	1	1	93	100	*	"d__Bacteria; p__Firmicutes; c__Negativicutes; o__Selenomonadales; f__Veillonellaceae; g__Dialister; s__pneumosintes"
0	1	0	0	0	1	0	0	0	0	0	0	0	0	1	2	97	100	*	"d__Bacteria; p__Firmicutes; c__Negativicutes; o__Selenomonadales; f__Veillonellaceae; g__Dialister; s__propionicifaciens"
136	147	53	116	120	132	46	100	266	224	325	327	1051	825	1051	3873	96	100	*	"d__Bacteria; p__Firmicutes; c__Negativicutes; o__Selenomonadales; f__Veillonellaceae; g__Dialister; s__succinatiphilus"
0	0	0	3	0	0	0	1	7	1	0	6	3	11	11	32	97.5	100		"d__Bacteria; p__Firmicutes; c__Negativicutes; o__Selenomonadales; f__Veillonellaceae; g__Veillonella; s__dispar_45% / unclassified_31% / atypica_15% / tobetsuensis_5% / parvula_1% / rogosae_1%"
3	1	0	0	3	1	0	0	0	0	0	0	0	0	3	8	95.8	38.7	*	"d__Bacteria; p__Firmicutes; c__Negativicutes; o__Selenomonadales; f__Veillonellaceae; g__Veillonella; s__dispar"
0	0	1	2	0	0	1	0	0	0	0	0	0	0	2	4	98	100	*	"d__Bacteria; p__Firmicutes; c__Negativicutes; o__Selenomonadales; f__Veillonellaceae; g__Veillonella; s__parvula"
0	0	0	1	0	0	0	1	2	0	0	0	0	0	2	4	94	100		"d__Bacteria; p__Fusobacteria; c__Fusobacteriia; o__Fusobacteriales; f__Leptotrichiaceae; g__Leptotrichia; s__unclassified"
0	0	0	0	0	0	0	0	0	0	0	0	14	7	14	21	94.8	100		"d__Bacteria; p__Lentisphaerae; c__Lentisphaeria; o__Victivallales; f__Victivallaceae; g__Victivallis; s__unclassified"
0	0	0	0	0	0	0	0	0	0	0	2	1	2	2	5	97.6	100	*	"d__Bacteria; p__Lentisphaerae; c__Lentisphaeria; o__Victivallales; f__Victivallaceae; g__Victivallis; s__vadensis"
0	0	1	0	0	0	1	0	0	0	0	0	0	0	1	2	96	100		"d__Bacteria; p__Proteobacteria; c__Alphaproteobacteria; o__Rhizobiales; f__Phyllobacteriaceae; g__Nitratireductor; s__unclassified"
0	0	0	1	0	0	0	1	0	0	0	0	0	0	1	2	92	100		"d__Bacteria; p__Proteobacteria; c__Alphaproteobacteria; o__Rhodospirillales; f__Acetobacteraceae; g__Acidiphilium; s__unclassified"
0	0	0	0	0	0	0	0	0	0	0	0	0	1	1	1	94	29.6	*	"d__Bacteria; p__Proteobacteria; c__Alphaproteobacteria; o__Rhodospirillales; f__Acetobacteraceae; g__Komagataeibacter; s__intermedius"
0	0	0	0	0	0	0	0	0	0	0	0	7	9	9	16	100	47.3	*	"d__Bacteria; p__Proteobacteria; c__Alphaproteobacteria; o__Rhodospirillales; f__Acetobacteraceae; g__Komagataeibacter; s__rhaeticus"
2	0	1	10	2	0	1	9	2	0	0	3	209	180	209	419	95.7	100		"d__Bacteria; p__Proteobacteria; c__Alphaproteobacteria; o__Rhodospirillales; f__Rhodospirillaceae; g__Thalassospira; s__unclassified"
0	1	0	0	0	1	0	0	2	1	0	1	6	11	11	23	96.2	100	*	"d__Bacteria; p__Proteobacteria; c__Betaproteobacteria; o__Burkholderiales; f__Alcaligenaceae; g__Parasutterella; s__excrementihominis"
113	136	23	178	100	119	21	165	19	33	38	39	427	351	427	1762	95.7	100		"d__Bacteria; p__Proteobacteria; c__Betaproteobacteria; o__Burkholderiales; f__Alcaligenaceae; g__Sutterella; s__unclassified"
0	0	0	1	0	0	0	0	0	0	0	0	0	0	1	1	92	100	*	"d__Bacteria; p__Proteobacteria; c__Betaproteobacteria; o__Burkholderiales; f__Alcaligenaceae; g__Sutterella; s__wadsworthensis"
0	1	0	3	0	1	0	3	0	0	0	0	0	0	3	8	93	100		"d__Bacteria; p__Proteobacteria; c__Betaproteobacteria; o__Burkholderiales; f__Oxalobacteraceae; g__Oxalobacter; s__unclassified"
0	0	0	0	0	0	0	0	1	3	4	1	17	1	17	27	96.8	100	*	"d__Bacteria; p__Proteobacteria; c__Betaproteobacteria; o__Burkholderiales; f__Oxalobacteraceae; g__Oxalobacter; s__formigenes"
0	0	0	0	0	0	0	0	0	0	0	0	1	0	1	1	100	100		"d__Bacteria; p__Proteobacteria; c__Deltaproteobacteria; o__Desulfovibrionales; f__Desulfovibrionaceae; g__Bilophila; s__unclassified"
10	4	3	9	9	4	3	8	4	1	6	9	57	29	57	159	96.5	100	*	"d__Bacteria; p__Proteobacteria; c__Deltaproteobacteria; o__Desulfovibrionales; f__Desulfovibrionaceae; g__Bilophila; s__wadsworthia"
0	0	0	0	0	0	0	0	0	0	0	0	3	1	3	4	98.2	100		"d__Bacteria; p__Proteobacteria; c__Deltaproteobacteria; o__Desulfovibrionales; f__Desulfovibrionaceae; g__Desulfovibrio; s__unclassified"
1	0	0	0	1	0	0	0	0	0	0	0	0	1	1	3	100	100	*	"d__Bacteria; p__Proteobacteria; c__Epsilonproteobacteria; o__Campylobacterales; f__Campylobacteraceae; g__Campylobacter; s__hominis"
0	0	0	0	0	0	0	0	0	0	0	0	1	0	1	1	94	100		"d__Bacteria; p__Proteobacteria; c__Gammaproteobacteria; o__B38; f__unclassified"
0	0	0	0	0	0	0	0	0	0	0	0	0	1	1	2	100	91.8		"d__Bacteria; p__Proteobacteria; c__Gammaproteobacteria; o__Enterobacteriales; f__Enterobacteriaceae"
0	5	0	0	0	3	0	0	2	9	3	0	13	0	13	36	97.8	48.7	*	"d__Bacteria; p__Proteobacteria; c__Gammaproteobacteria; o__Enterobacteriales; f__Enterobacteriaceae; g__Escherichia-Shigella; s__coli"
0	1	0	0	0	1	0	0	0	0	0	0	0	0	1	2	94	100		"d__Bacteria; p__Proteobacteria; c__Gammaproteobacteria; o__Enterobacteriales; f__Enterobacteriaceae; g__Klebsiella; s__unclassified"
0	0	0	0	0	0	0	0	0	0	0	0	0	1	1	1	100	100		"d__Bacteria; p__Proteobacteria; c__Gammaproteobacteria; o__Pasteurellales; f__Pasteurellaceae; g__Actinobacillus; s__porcinus_75% / aerogenes_25%"
2	0	0	4	1	0	0	4	0	0	0	0	0	1	4	12	97.7	100		"d__Bacteria; p__Proteobacteria; c__Gammaproteobacteria; o__Pasteurellales; f__Pasteurellaceae; g__Haemophilus; s__unclassified"
4	0	0	8	3	0	0	7	1	4	1	3	12	40	40	84	96.7	100	*	"d__Bacteria; p__Proteobacteria; c__Gammaproteobacteria; o__Pasteurellales; f__Pasteurellaceae; g__Haemophilus; s__parainfluenzae"
0	2	0	0	0	1	0	0	0	0	0	0	0	0	2	3	94.7	86.2	*	"d__Bacteria; p__Proteobacteria; c__Gammaproteobacteria; o__Pasteurellales; f__Pasteurellaceae; g__Haemophilus; s__pittmaniae"
0	1	0	0	0	1	0	0	0	0	0	0	0	0	1	2	96	100	*	"d__Bacteria; p__Proteobacteria; c__Gammaproteobacteria; o__Pasteurellales; f__Pasteurellaceae; g__Haemophilus; s__sputorum"
0	1	0	0	0	1	0	0	0	0	0	0	0	0	1	2	95	47.3	*	"d__Bacteria; p__Proteobacteria; c__Gammaproteobacteria; o__Pseudomonadales; f__Moraxellaceae; g__Acinetobacter; s__parvus"
24	24	1	50	23	24	1	46	7	6	5	22	9	77	77	319	94.3	98.8		"d__Bacteria; p__Tenericutes; c__Mollicutes; o__Anaeroplasmatales; f__Anaeroplasmataceae; g__Anaeroplasma; s__unclassified"
0	0	0	1	0	0	0	1	3	1	3	7	120	22	120	159	94	100		"d__Bacteria; p__Tenericutes; c__Mollicutes; o__Mollicutes_RF9; f__unclassified_85% / Erysipelotrichaceae_14%"
0	0	0	0	0	0	0	0	1	3	0	0	9	0	9	14	98.2	100		"d__Bacteria; p__Verrucomicrobia; c__Verrucomicrobiae; o__Verrucomicrobiales; f__Verrucomicrobiaceae; g__Akkermansia; s__unclassified"
0	2	0	0	0	2	0	0	0	1	0	1	0	0	2	6	98.8	100	*	"d__Bacteria; p__Verrucomicrobia; c__Verrucomicrobiae; o__Verrucomicrobiales; f__Verrucomicrobiaceae; g__Akkermansia; s__muciniphila"
